Player Name,Team,Opponent,Prop Category,Prop Line,Model_Pred,Model_Conf,Edge_Type,Consistency_CV,Active_Hit%,Tier,GAME_DATE,Match_Date,Actual Value,Result,Correctness,Proj_Error,Mapped_Prop
Josh Okogie,HOU,MIA,AST,1.5,0.95,0.762,Under,0.0,60.0,A Tier,2026-02-28,2026-02-28,0,WIN,1,-0.95,AST
DeAndre Jordan,NO,UTA,AST,0.5,0.44,0.695,Under,0.0,70.0,A Tier,2026-02-28,2026-02-28,0,WIN,1,-0.44,AST
Scoot Henderson,POR,CHA,PA,22.5,19.02,0.69,Under,0.214,40.0,A Tier,2026-02-28,2026-02-28,12,WIN,1,-7.02,PA
Scoot Henderson,POR,CHA,PRA,25.5,21.72,0.685,Under,0.261,40.0,A Tier,2026-02-28,2026-02-28,15,WIN,1,-6.719999999999999,PRA
Kon Knueppel,CHA,POR,PA,23.5,20.07,0.683,Under,0.281,30.0,A Tier,2026-02-28,2026-02-28,11,WIN,1,-9.07,PA
Kon Knueppel,CHA,POR,PR,25.5,22.8,0.649,Under,0.257,30.0,A Tier,2026-02-28,2026-02-28,18,WIN,1,-4.800000000000001,PR
Ace Bailey,UTAH,NOP,PRA,28.5,25.55,0.647,Under,0.219,30.0,A Tier,2026-02-28,2026-02-28,23,WIN,1,-2.5500000000000007,PRA
Zion Williamson,NO,UTA,PA,29.5,21.25,0.781,Under,0.29,50.0,B Tier,2026-02-28,2026-02-28,6,WIN,1,-15.25,PA
Zion Williamson,NO,UTA,PRA,35.5,25.78,0.778,Under,0.261,70.0,B Tier,2026-02-28,2026-02-28,7,WIN,1,-18.78,PRA
Luke Kennard,LAL,GSW,PTS,6.5,9.57,0.777,Over,0.314,80.0,B Tier,2026-02-28,2026-02-28,16,WIN,1,6.43,PTS
Kon Knueppel,CHA,POR,PTS,20.5,17.17,0.694,Under,0.308,30.0,B Tier,2026-02-28,2026-02-28,10,WIN,1,-7.170000000000002,PTS
Derik Queen,NO,UTA,PRA,23.5,20.43,0.67,Under,0.336,70.0,B Tier,2026-02-28,2026-02-28,19,WIN,1,-1.4299999999999997,PRA
Brice Sensabaugh,UTAH,NOP,PRA,22.5,19.66,0.666,Under,0.315,30.0,B Tier,2026-02-28,2026-02-28,15,WIN,1,-4.66,PRA
Donovan Clingan,POR,CHA,PR,26.5,23.89,0.643,Under,0.315,10.0,B Tier,2026-02-28,2026-02-28,15,WIN,1,-8.89,PR
Immanuel Quickley,TOR,WAS,PTS,17.5,21.09,0.642,Over,0.315,50.0,B Tier,2026-02-28,2026-02-28,27,WIN,1,5.91,PTS
Kon Knueppel,CHA,POR,PRA,28.5,25.95,0.635,Under,0.242,50.0,B Tier,2026-02-28,2026-02-28,19,WIN,1,-6.949999999999999,PRA
Sandro Mamukelashvili,TOR,WAS,REB,3.5,3.08,0.635,Under,0.333,30.0,B Tier,2026-02-28,2026-02-28,3,WIN,1,-0.08000000000000007,REB
Donovan Clingan,POR,CHA,REB,12.5,11.31,0.634,Under,0.322,30.0,B Tier,2026-02-28,2026-02-28,8,WIN,1,-3.3100000000000005,REB
Pelle Larsson,MIA,HOU,PRA,18.5,22.39,0.63,Over,0.322,90.0,B Tier,2026-02-28,2026-02-28,28,WIN,1,5.609999999999999,PRA
Andrew Wiggins,MIA,HOU,PA,18.5,17.01,0.625,Under,0.312,50.0,B Tier,2026-02-28,2026-02-28,16,WIN,1,-1.0100000000000016,PA
Ace Bailey,UTAH,NOP,PA,19.5,17.97,0.623,Under,0.321,30.0,B Tier,2026-02-28,2026-02-28,15,WIN,1,-2.969999999999999,PA
LaMelo Ball,CHA,POR,PRA,30.5,28.3,0.62,Under,0.278,80.0,B Tier,2026-02-28,2026-02-28,27,WIN,1,-1.3000000000000007,PRA
Kyle Filipowski,UTAH,NOP,PTS,13.5,12.45,0.62,Under,0.312,30.0,B Tier,2026-02-28,2026-02-28,12,WIN,1,-0.4499999999999993,PTS
Donovan Clingan,POR,CHA,PRA,28.5,26.46,0.619,Under,0.328,10.0,B Tier,2026-02-28,2026-02-28,17,WIN,1,-9.46,PRA
Ace Bailey,UTAH,NOP,REB,4.5,5.56,0.615,Over,0.337,60.0,B Tier,2026-02-28,2026-02-28,8,WIN,1,2.4400000000000004,REB
Immanuel Quickley,TOR,WAS,PR,21.5,25.18,0.614,Over,0.257,50.0,B Tier,2026-02-28,2026-02-28,29,WIN,1,3.8200000000000003,PR
Austin Reaves,LAL,GSW,PRA,28.5,26.62,0.614,Under,0.313,80.0,B Tier,2026-02-28,2026-02-28,22,WIN,1,-4.620000000000001,PRA
Austin Reaves,LAL,GSW,PA,24.5,22.89,0.613,Under,0.305,80.0,B Tier,2026-02-28,2026-02-28,21,WIN,1,-1.8900000000000006,PA
Derik Queen,NO,UTA,RA,9.5,8.78,0.613,Under,0.268,90.0,B Tier,2026-02-28,2026-02-28,12,LOSS,0,3.2200000000000006,RA
Andrew Wiggins,MIA,HOU,PRA,23.5,22.01,0.611,Under,0.285,60.0,B Tier,2026-02-28,2026-02-28,22,WIN,1,-0.010000000000001563,PRA
LaMelo Ball,CHA,POR,PA,26.5,24.92,0.608,Under,0.291,80.0,B Tier,2026-02-28,2026-02-28,23,WIN,1,-1.9200000000000017,PA
Andrew Wiggins,MIA,HOU,PR,20.5,19.25,0.608,Under,0.323,60.0,B Tier,2026-02-28,2026-02-28,18,WIN,1,-1.25,PR
Davion Mitchell,MIA,HOU,PRA,16.5,15.46,0.608,Under,0.269,50.0,B Tier,2026-02-28,2026-02-28,18,LOSS,0,2.539999999999999,PRA
Bilal Coulibaly,WSH,TOR,PA,11.5,13.54,0.607,Over,0.297,60.0,B Tier,2026-02-28,2026-02-28,18,WIN,1,4.460000000000001,PA
Bilal Coulibaly,WSH,TOR,PTS,9.5,11.36,0.606,Over,0.347,50.0,B Tier,2026-02-28,2026-02-28,14,WIN,1,2.6400000000000006,PTS
Davion Mitchell,MIA,HOU,PA,14.5,13.62,0.604,Under,0.309,60.0,B Tier,2026-02-28,2026-02-28,15,LOSS,0,1.3800000000000008,PA
Ace Bailey,UTAH,NOP,PR,22.5,21.26,0.603,Under,0.235,30.0,B Tier,2026-02-28,2026-02-28,21,WIN,1,-0.26000000000000156,PR
Kyshawn George,WSH,TOR,PRA,17.5,16.63,0.596,Under,0.341,70.0,B Tier,2026-02-28,2026-02-28,18,LOSS,0,1.370000000000001,PRA
Reed Sheppard,HOU,MIA,RA,6.5,7.59,0.593,Over,0.329,80.0,B Tier,2026-02-28,2026-02-28,9,WIN,1,1.4100000000000001,RA
RJ Barrett,TOR,WAS,AST,3.5,3.31,0.588,Under,0.337,80.0,B Tier,2026-02-28,2026-02-28,3,WIN,1,-0.31000000000000005,AST
Kon Knueppel,CHA,POR,RA,8.5,8.12,0.582,Under,0.313,50.0,B Tier,2026-02-28,2026-02-28,9,LOSS,0,0.8800000000000008,RA
Luke Kennard,LAL,GSW,PA,4.5,9.32,0.844,Over,0.369,40.0,C Tier,2026-02-28,2026-02-28,19,WIN,1,9.68,PA
Zion Williamson,NO,UTA,PTS,25.5,18.01,0.788,Under,0.39,60.0,C Tier,2026-02-28,2026-02-28,4,WIN,1,-14.010000000000002,PTS
Zion Williamson,NO,UTA,PR,31.5,22.77,0.779,Under,0.318,70.0,C Tier,2026-02-28,2026-02-28,5,WIN,1,-17.77,PR
Kris Murray,POR,CHA,RA,9.5,6.84,0.778,Under,0.502,40.0,C Tier,2026-02-28,2026-02-28,4,WIN,1,-2.84,RA
Kris Murray,POR,CHA,PRA,15.5,11.27,0.766,Under,0.444,20.0,C Tier,2026-02-28,2026-02-28,6,WIN,1,-5.27,PRA
Grant Williams,CHA,POR,PTS,6.5,4.67,0.761,Under,0.611,40.0,C Tier,2026-02-28,2026-02-28,0,WIN,1,-4.67,PTS
Kris Murray,POR,CHA,PTS,8.5,5.95,0.756,Under,0.736,20.0,C Tier,2026-02-28,2026-02-28,2,WIN,1,-3.95,PTS
Kel'el Ware,MIA,HOU,REB,6.5,9.84,0.754,Over,0.393,40.0,C Tier,2026-02-28,2026-02-28,15,WIN,1,5.16,REB
Zion Williamson,NO,UTA,RA,9.5,7.08,0.738,Under,0.58,60.0,C Tier,2026-02-28,2026-02-28,3,WIN,1,-4.08,RA
Grant Williams,CHA,POR,PA,7.5,5.74,0.737,Under,0.524,30.0,C Tier,2026-02-28,2026-02-28,1,WIN,1,-4.74,PA
Zion Williamson,NO,UTA,REB,5.5,4.14,0.727,Under,0.6,90.0,C Tier,2026-02-28,2026-02-28,1,WIN,1,-3.1399999999999997,REB
Zion Williamson,NO,UTA,AST,3.5,2.64,0.721,Under,0.795,70.0,C Tier,2026-02-28,2026-02-28,2,WIN,1,-0.6400000000000001,AST
Pat Spencer,GS,LAL,PTS,8.5,6.58,0.72,Under,0.576,20.0,C Tier,2026-02-28,2026-02-28,4,WIN,1,-2.58,PTS
Cody Williams,UTAH,NOP,PTS,8.5,6.67,0.711,Under,0.828,50.0,C Tier,2026-02-28,2026-02-28,4,WIN,1,-2.67,PTS
John Konchar,UTAH,NOP,PA,8.5,6.69,0.71,Under,0.556,30.0,C Tier,2026-02-28,2026-02-28,3,WIN,1,-3.6900000000000004,PA
Bryce McGowens,NO,UTA,PR,11.5,15.08,0.71,Over,0.4,70.0,C Tier,2026-02-28,2026-02-28,22,WIN,1,6.92,PR
Luke Kennard,LAL,GSW,PRA,9.5,13.05,0.706,Over,0.36,40.0,C Tier,2026-02-28,2026-02-28,22,WIN,1,8.95,PRA
Kel'el Ware,MIA,HOU,PR,15.5,22.01,0.705,Over,0.355,60.0,C Tier,2026-02-28,2026-02-28,28,WIN,1,5.989999999999998,PR
Scoot Henderson,POR,CHA,PTS,16.5,13.64,0.7,Under,0.353,60.0,C Tier,2026-02-28,2026-02-28,8,WIN,1,-5.640000000000001,PTS
Bryce McGowens,NO,UTA,PRA,13.5,17.34,0.694,Over,0.389,70.0,C Tier,2026-02-28,2026-02-28,24,WIN,1,6.66,PRA
Ryan Kalkbrenner,CHA,POR,PTS,4.5,3.87,0.691,Under,0.723,70.0,C Tier,2026-02-28,2026-02-28,2,WIN,1,-1.87,PTS
Kyshawn George,WSH,TOR,RA,6.5,5.34,0.691,Under,0.45,70.0,C Tier,2026-02-28,2026-02-28,4,WIN,1,-1.3399999999999999,RA
Pat Spencer,GS,LAL,PRA,16.5,13.71,0.687,Under,0.423,20.0,C Tier,2026-02-28,2026-02-28,11,WIN,1,-2.710000000000001,PRA
Scottie Barnes,TOR,WAS,REB,8.5,7.1,0.683,Under,0.812,70.0,C Tier,2026-02-28,2026-02-28,4,WIN,1,-3.0999999999999996,REB
Keyonte George,UTAH,NOP,PA,26.5,22.43,0.682,Under,0.405,30.0,C Tier,2026-02-28,2026-02-28,21,WIN,1,-1.4299999999999997,PA
Donovan Clingan,POR,CHA,PTS,13.5,11.39,0.68,Under,0.389,20.0,C Tier,2026-02-28,2026-02-28,7,WIN,1,-4.390000000000001,PTS
Brandin Podziemski,GS,LAL,PTS,15.5,13.21,0.678,Under,0.386,40.0,C Tier,2026-02-28,2026-02-28,9,WIN,1,-4.210000000000001,PTS
Scoot Henderson,POR,CHA,PR,20.0,16.75,0.677,Under,0.357,50.0,C Tier,2026-02-28,2026-02-28,11,WIN,1,-5.75,PR
Brice Sensabaugh,UTAH,NOP,PA,19.5,16.7,0.676,Under,0.375,30.0,C Tier,2026-02-28,2026-02-28,11,WIN,1,-5.699999999999999,PA
Donovan Clingan,POR,CHA,PA,16.5,14.15,0.671,Under,0.405,10.0,C Tier,2026-02-28,2026-02-28,9,WIN,1,-5.15,PA
Keyonte George,UTAH,NOP,PRA,28.5,24.76,0.668,Under,0.335,30.0,C Tier,2026-02-28,2026-02-28,23,WIN,1,-1.7600000000000016,PRA
Deandre Ayton,LAL,GSW,RA,8.5,7.3,0.665,Under,0.398,70.0,C Tier,2026-02-28,2026-02-28,10,LOSS,0,2.7,RA
Keyonte George,UTAH,NOP,PR,23.5,20.46,0.664,Under,0.371,30.0,C Tier,2026-02-28,2026-02-28,19,WIN,1,-1.4600000000000009,PR
John Konchar,UTAH,NOP,PTS,4.5,3.91,0.662,Under,0.665,30.0,C Tier,2026-02-28,2026-02-28,3,WIN,1,-0.9100000000000001,PTS
Grant Williams,CHA,POR,RA,5.5,4.74,0.662,Under,0.496,50.0,C Tier,2026-02-28,2026-02-28,4,WIN,1,-0.7400000000000002,RA
De'Anthony Melton,GS,LAL,PR,19.5,17.05,0.661,Under,0.388,30.0,C Tier,2026-02-28,2026-02-28,11,WIN,1,-6.050000000000001,PR
Derik Queen,NO,UTA,PR,19.5,17.13,0.661,Under,0.352,70.0,C Tier,2026-02-28,2026-02-28,16,WIN,1,-1.129999999999999,PR
Derik Queen,NO,UTA,AST,3.5,2.97,0.659,Under,0.847,80.0,C Tier,2026-02-28,2026-02-28,3,WIN,1,0.029999999999999805,AST
Tristan Vukcevic,WSH,TOR,AST,3.5,2.96,0.657,Under,0.474,40.0,C Tier,2026-02-28,2026-02-28,3,WIN,1,0.040000000000000036,AST
Brandin Podziemski,GS,LAL,PA,20.5,18.1,0.657,Under,0.412,20.0,C Tier,2026-02-28,2026-02-28,15,WIN,1,-3.1000000000000014,PA
Brice Sensabaugh,UTAH,NOP,PTS,16.5,14.5,0.656,Under,0.409,30.0,C Tier,2026-02-28,2026-02-28,10,WIN,1,-4.5,PTS
Cody Williams,UTAH,NOP,RA,7.5,6.51,0.656,Under,0.773,40.0,C Tier,2026-02-28,2026-02-28,4,WIN,1,-2.51,RA
De'Anthony Melton,GS,LAL,PTS,16.0,13.7,0.652,Under,0.389,30.0,C Tier,2026-02-28,2026-02-28,10,WIN,1,-3.6999999999999993,PTS
Keyonte George,UTAH,NOP,REB,2.5,2.21,0.651,Under,0.782,80.0,C Tier,2026-02-28,2026-02-28,2,WIN,1,-0.20999999999999996,REB
Kyshawn George,WSH,TOR,AST,1.5,1.38,0.649,Under,0.604,80.0,C Tier,2026-02-28,2026-02-28,1,WIN,1,-0.3799999999999999,AST
Will Richard,GS,LAL,REB,1.5,1.44,0.648,Under,0.823,50.0,C Tier,2026-02-28,2026-02-28,1,WIN,1,-0.43999999999999995,REB
De'Anthony Melton,GS,LAL,PA,18.5,16.53,0.647,Under,0.374,30.0,C Tier,2026-02-28,2026-02-28,14,WIN,1,-2.530000000000001,PA
Ace Bailey,UTAH,NOP,PTS,17.5,15.64,0.646,Under,0.362,30.0,C Tier,2026-02-28,2026-02-28,13,WIN,1,-2.6400000000000006,PTS
Grant Williams,CHA,POR,REB,3.5,3.16,0.646,Under,0.671,70.0,C Tier,2026-02-28,2026-02-28,3,WIN,1,-0.16000000000000014,REB
Brice Sensabaugh,UTAH,NOP,AST,1.5,1.38,0.644,Under,0.738,40.0,C Tier,2026-02-28,2026-02-28,1,WIN,1,-0.3799999999999999,AST
Tre Johnson,WSH,TOR,AST,1.5,1.43,0.643,Under,0.798,70.0,C Tier,2026-02-28,2026-02-28,0,WIN,1,-1.43,AST
John Konchar,UTAH,NOP,REB,4.5,3.97,0.641,Under,0.552,30.0,C Tier,2026-02-28,2026-02-28,2,WIN,1,-1.9700000000000002,REB
Isaiah Collier,UTAH,NOP,AST,8.5,7.68,0.64,Under,0.59,20.0,C Tier,2026-02-28,2026-02-28,7,WIN,1,-0.6799999999999997,AST
Deandre Ayton,LAL,GSW,REB,7.5,6.67,0.64,Under,0.417,70.0,C Tier,2026-02-28,2026-02-28,10,LOSS,0,3.33,REB
Moses Moody,GS,LAL,PTS,14.5,13.04,0.64,Under,0.434,10.0,C Tier,2026-02-28,2026-02-28,12,WIN,1,-1.0399999999999991,PTS
John Konchar,UTAH,NOP,RA,5.5,5.0,0.64,Under,0.592,30.0,C Tier,2026-02-28,2026-02-28,2,WIN,1,-3.0,RA
Marcus Smart,LAL,GSW,PR,9.5,8.82,0.638,Under,0.558,70.0,C Tier,2026-02-28,2026-02-28,13,LOSS,0,4.18,PR
Marcus Smart,LAL,GSW,PTS,7.5,7.12,0.636,Under,0.752,70.0,C Tier,2026-02-28,2026-02-28,8,LOSS,0,0.8799999999999999,PTS
Al Horford,GS,LAL,RA,8.5,7.64,0.636,Under,0.484,30.0,C Tier,2026-02-28,2026-02-28,7,WIN,1,-0.6399999999999997,RA
Coby White,CHA,POR,REB,1.5,1.85,0.634,Under,0.738,50.0,C Tier,2026-02-28,2026-02-28,3,LOSS,0,1.15,REB
Josh Green,CHA,POR,PTS,9.5,8.61,0.634,Under,0.676,50.0,C Tier,2026-02-28,2026-02-28,6,WIN,1,-2.6099999999999994,PTS
Brice Sensabaugh,UTAH,NOP,PR,20.5,18.67,0.633,Under,0.354,30.0,C Tier,2026-02-28,2026-02-28,14,WIN,1,-4.670000000000002,PR
Austin Reaves,LAL,GSW,PTS,20.5,18.68,0.632,Under,0.408,80.0,C Tier,2026-02-28,2026-02-28,18,WIN,1,-0.6799999999999997,PTS
Pat Spencer,GS,LAL,REB,2.5,2.24,0.632,Under,0.576,10.0,C Tier,2026-02-28,2026-02-28,3,LOSS,0,0.7599999999999998,REB
Tre Johnson,WSH,TOR,RA,4.5,4.03,0.628,Under,0.448,40.0,C Tier,2026-02-28,2026-02-28,3,WIN,1,-1.0300000000000002,RA
Kris Murray,POR,CHA,REB,5.0,4.04,0.626,Under,0.387,50.0,C Tier,2026-02-28,2026-02-28,4,WIN,1,-0.040000000000000036,REB
Al Horford,GS,LAL,PRA,17.5,16.14,0.625,Under,0.419,30.0,C Tier,2026-02-28,2026-02-28,15,WIN,1,-1.1400000000000006,PRA
Coby White,CHA,POR,AST,2.5,2.37,0.624,Under,0.53,50.0,C Tier,2026-02-28,2026-02-28,1,WIN,1,-1.37,AST
Marcus Smart,LAL,GSW,PA,9.5,9.09,0.624,Under,0.601,60.0,C Tier,2026-02-28,2026-02-28,9,WIN,1,-0.08999999999999986,PA
LaMelo Ball,CHA,POR,PTS,19.5,17.96,0.624,Under,0.355,70.0,C Tier,2026-02-28,2026-02-28,15,WIN,1,-2.960000000000001,PTS
LaMelo Ball,CHA,POR,PR,23.5,21.68,0.623,Under,0.364,70.0,C Tier,2026-02-28,2026-02-28,19,WIN,1,-2.6799999999999997,PR
Jerami Grant,POR,CHA,RA,5.5,4.98,0.621,Under,0.4,40.0,C Tier,2026-02-28,2026-02-28,3,WIN,1,-1.9800000000000004,RA
Al Horford,GS,LAL,PR,14.5,13.41,0.619,Under,0.385,50.0,C Tier,2026-02-28,2026-02-28,13,WIN,1,-0.41000000000000014,PR
Austin Reaves,LAL,GSW,PR,24.5,22.73,0.619,Under,0.39,80.0,C Tier,2026-02-28,2026-02-28,19,WIN,1,-3.7300000000000004,PR
Marcus Smart,LAL,GSW,RA,4.5,4.13,0.618,Under,0.429,60.0,C Tier,2026-02-28,2026-02-28,6,LOSS,0,1.87,RA
Jaxson Hayes,LAL,GSW,PTS,5.5,5.52,0.617,Under,0.656,40.0,C Tier,2026-02-28,2026-02-28,6,LOSS,0,0.4800000000000004,PTS
Austin Reaves,LAL,GSW,RA,7.5,6.87,0.617,Under,0.355,90.0,C Tier,2026-02-28,2026-02-28,4,WIN,1,-2.87,RA
Jaxson Hayes,LAL,GSW,PA,4.5,5.37,0.616,Under,0.777,40.0,C Tier,2026-02-28,2026-02-28,6,LOSS,0,0.6299999999999999,PA
Al Horford,GS,LAL,PTS,8.5,8.21,0.613,Under,0.552,30.0,C Tier,2026-02-28,2026-02-28,8,WIN,1,-0.21000000000000085,PTS
Jaxson Hayes,LAL,GSW,RA,4.5,4.35,0.612,Under,0.629,70.0,C Tier,2026-02-28,2026-02-28,5,LOSS,0,0.6500000000000004,RA
Marcus Smart,LAL,GSW,PRA,12.5,11.93,0.61,Under,0.45,50.0,C Tier,2026-02-28,2026-02-28,14,LOSS,0,2.0700000000000003,PRA
De'Anthony Melton,GS,LAL,PRA,21.5,20.17,0.61,Under,0.365,30.0,C Tier,2026-02-28,2026-02-28,15,WIN,1,-5.170000000000002,PRA
Tre Johnson,WSH,TOR,PR,14.5,13.59,0.609,Under,0.413,50.0,C Tier,2026-02-28,2026-02-28,11,WIN,1,-2.59,PR
Coby White,CHA,POR,RA,5.5,5.16,0.608,Under,0.377,70.0,C Tier,2026-02-28,2026-02-28,4,WIN,1,-1.1600000000000001,RA
Pelle Larsson,MIA,HOU,PR,14.5,17.99,0.607,Over,0.378,90.0,C Tier,2026-02-28,2026-02-28,24,WIN,1,6.010000000000002,PR
Jaxson Hayes,LAL,GSW,PR,9.5,9.28,0.606,Under,0.543,50.0,C Tier,2026-02-28,2026-02-28,11,LOSS,0,1.7200000000000006,PR
DeAndre Jordan,NO,UTA,RA,8.5,7.97,0.606,Under,0.592,50.0,C Tier,2026-02-28,2026-02-28,7,WIN,1,-0.9699999999999998,RA
Kon Knueppel,CHA,POR,AST,2.5,2.31,0.605,Under,0.454,60.0,C Tier,2026-02-28,2026-02-28,1,WIN,1,-1.31,AST
Alperen Sengun,HOU,MIA,REB,9.5,8.87,0.605,Under,0.588,80.0,C Tier,2026-02-28,2026-02-28,6,WIN,1,-2.869999999999999,REB
Davion Mitchell,MIA,HOU,RA,8.5,7.94,0.604,Under,0.396,60.0,C Tier,2026-02-28,2026-02-28,8,WIN,1,0.05999999999999961,RA
Pelle Larsson,MIA,HOU,AST,3.5,4.36,0.602,Over,0.354,80.0,C Tier,2026-02-28,2026-02-28,4,WIN,1,-0.3600000000000003,AST
Moses Moody,GS,LAL,PA,16.5,15.68,0.602,Under,0.406,30.0,C Tier,2026-02-28,2026-02-28,15,WIN,1,-0.6799999999999997,PA
Davion Mitchell,MIA,HOU,AST,5.5,5.1,0.601,Under,0.42,40.0,C Tier,2026-02-28,2026-02-28,5,WIN,1,-0.09999999999999964,AST
Jordan Poole,NO,UTA,RA,6.5,6.06,0.601,Under,0.364,60.0,C Tier,2026-02-28,2026-02-28,4,WIN,1,-2.0599999999999996,RA
Moses Moody,GS,LAL,PR,18.5,17.52,0.601,Under,0.431,0.0,C Tier,2026-02-28,2026-02-28,15,WIN,1,-2.5199999999999996,PR
Marcus Smart,LAL,GSW,AST,1.5,1.72,0.599,Under,0.663,30.0,C Tier,2026-02-28,2026-02-28,1,WIN,1,-0.72,AST
Scoot Henderson,POR,CHA,RA,8.5,8.01,0.597,Under,0.439,50.0,C Tier,2026-02-28,2026-02-28,7,WIN,1,-1.0099999999999998,RA
Jrue Holiday,POR,CHA,PTS,17.5,20.88,0.597,Over,0.362,80.0,C Tier,2026-02-28,2026-02-28,25,WIN,1,4.120000000000001,PTS
John Konchar,UTAH,NOP,AST,1.5,1.48,0.595,Under,0.667,30.0,C Tier,2026-02-28,2026-02-28,0,WIN,1,-1.48,AST
Kyshawn George,WSH,TOR,REB,4.0,3.31,0.595,Under,0.43,80.0,C Tier,2026-02-28,2026-02-28,3,WIN,1,-0.31000000000000005,REB
Andrew Wiggins,MIA,HOU,PTS,15.5,14.84,0.594,Under,0.383,60.0,C Tier,2026-02-28,2026-02-28,12,WIN,1,-2.84,PTS
Kyle Filipowski,UTAH,NOP,PRA,24.5,23.45,0.594,Under,0.372,30.0,C Tier,2026-02-28,2026-02-28,19,WIN,1,-4.449999999999999,PRA
Kyle Filipowski,UTAH,NOP,PR,21.5,20.59,0.593,Under,0.381,30.0,C Tier,2026-02-28,2026-02-28,18,WIN,1,-2.59,PR
Tre Johnson,WSH,TOR,PRA,16.5,15.91,0.589,Under,0.437,50.0,C Tier,2026-02-28,2026-02-28,11,WIN,1,-4.91,PRA
DeAndre Jordan,NO,UTA,PTS,4.5,4.29,0.587,Under,0.565,30.0,C Tier,2026-02-28,2026-02-28,3,WIN,1,-1.29,PTS
Jamal Shead,TOR,WAS,AST,4.5,4.26,0.586,Under,0.392,80.0,C Tier,2026-02-28,2026-02-28,3,WIN,1,-1.2599999999999998,AST
Toumani Camara,POR,CHA,PA,15.5,14.99,0.584,Under,0.41,40.0,C Tier,2026-02-28,2026-02-28,14,WIN,1,-0.9900000000000002,PA
Gui Santos,GS,LAL,PR,19.5,18.89,0.58,Under,0.227,0.0,C Tier,2026-02-28,2026-02-28,18,WIN,1,-0.8900000000000006,PR
LeBron James,LAL,GSW,AST,6.0,5.68,0.575,Under,0.835,60.0,C Tier,2026-02-28,2026-02-28,9,LOSS,0,3.3200000000000003,AST
Jeremiah Fears,NO,UTA,PA,19.5,22.03,0.575,Over,0.359,40.0,C Tier,2026-02-28,2026-02-28,23,WIN,1,0.9699999999999989,PA
Toumani Camara,POR,CHA,PRA,21.5,20.96,0.575,Under,0.281,40.0,C Tier,2026-02-28,2026-02-28,20,WIN,1,-0.9600000000000009,PRA
Brice Sensabaugh,UTAH,NOP,REB,2.5,3.16,0.574,Over,0.295,70.0,C Tier,2026-02-28,2026-02-28,4,WIN,1,0.8399999999999999,REB
Amen Thompson,HOU,MIA,RA,12.5,12.13,0.574,Under,0.374,70.0,C Tier,2026-02-28,2026-02-28,15,LOSS,0,2.869999999999999,RA
Moses Moody,GS,LAL,PRA,20.5,20.13,0.571,Under,0.405,30.0,C Tier,2026-02-28,2026-02-28,18,WIN,1,-2.129999999999999,PRA
Luke Kennard,LAL,GSW,RA,3.5,3.67,0.571,Under,0.74,70.0,C Tier,2026-02-28,2026-02-28,6,LOSS,0,2.33,RA
Jrue Holiday,POR,CHA,RA,10.5,10.2,0.57,Under,0.368,40.0,C Tier,2026-02-28,2026-02-28,9,WIN,1,-1.1999999999999993,RA
Marcus Smart,LAL,GSW,REB,1.5,1.58,0.57,Under,0.542,60.0,C Tier,2026-02-28,2026-02-28,5,LOSS,0,3.42,REB
Al Horford,GS,LAL,AST,2.5,2.64,0.569,Under,0.717,30.0,C Tier,2026-02-28,2026-02-28,2,WIN,1,-0.6400000000000001,AST
Gui Santos,GS,LAL,PRA,23.5,23.11,0.567,Under,0.217,0.0,C Tier,2026-02-28,2026-02-28,20,WIN,1,-3.1099999999999994,PRA
Scoot Henderson,POR,CHA,AST,4.5,4.38,0.565,Under,0.457,50.0,C Tier,2026-02-28,2026-02-28,4,WIN,1,-0.3799999999999999,AST
Jerami Grant,POR,CHA,REB,3.5,3.45,0.564,Under,0.409,50.0,C Tier,2026-02-28,2026-02-28,1,WIN,1,-2.45,REB
Reed Sheppard,HOU,MIA,PR,18.5,18.22,0.564,Under,0.337,20.0,C Tier,2026-02-28,2026-02-28,18,WIN,1,-0.21999999999999886,PR
Jaxson Hayes,LAL,GSW,PRA,9.5,10.37,0.563,Under,0.621,50.0,C Tier,2026-02-28,2026-02-28,11,LOSS,0,0.6300000000000008,PRA
Immanuel Quickley,TOR,WAS,AST,6.0,5.52,0.563,Under,0.634,60.0,C Tier,2026-02-28,2026-02-28,11,LOSS,0,5.48,AST
Al Horford,GS,LAL,REB,5.0,4.61,0.562,Under,0.65,60.0,C Tier,2026-02-28,2026-02-28,5,PUSH,0,0.3899999999999997,REB
Moses Moody,GS,LAL,REB,3.5,3.55,0.561,Under,0.638,30.0,C Tier,2026-02-28,2026-02-28,3,WIN,1,-0.5499999999999998,REB
Immanuel Quickley,TOR,WAS,REB,3.5,3.49,0.556,Under,0.41,50.0,C Tier,2026-02-28,2026-02-28,2,WIN,1,-1.4900000000000002,REB
Sion James,CHA,POR,RA,3.5,4.09,0.556,Under,0.614,50.0,C Tier,2026-02-28,2026-02-28,0,WIN,1,-4.09,RA
Kon Knueppel,CHA,POR,REB,5.5,5.41,0.555,Under,0.385,50.0,C Tier,2026-02-28,2026-02-28,8,LOSS,0,2.59,REB
Kyshawn George,WSH,TOR,PTS,10.5,11.69,0.554,Over,0.325,50.0,C Tier,2026-02-28,2026-02-28,14,WIN,1,2.3100000000000005,PTS
Amen Thompson,HOU,MIA,AST,5.0,4.46,0.554,Under,0.541,50.0,C Tier,2026-02-28,2026-02-28,4,WIN,1,-0.45999999999999996,AST
Kyle Filipowski,UTAH,NOP,PA,16.5,16.42,0.553,Under,0.336,30.0,C Tier,2026-02-28,2026-02-28,13,WIN,1,-3.4200000000000017,PA
Jrue Holiday,POR,CHA,PR,22.5,25.08,0.552,Over,0.347,80.0,C Tier,2026-02-28,2026-02-28,30,WIN,1,4.920000000000002,PR
Coby White,CHA,POR,PRA,17.5,19.64,0.552,Over,0.276,50.0,C Tier,2026-02-28,2026-02-28,24,WIN,1,4.359999999999999,PRA
Brandon Miller,CHA,POR,PA,25.5,28.17,0.55,Over,0.269,50.0,C Tier,2026-02-28,2026-02-28,28,WIN,1,-0.1700000000000017,PA
RJ Barrett,TOR,WAS,REB,5.5,6.14,0.549,Over,0.292,80.0,C Tier,2026-02-28,2026-02-28,5,LOSS,0,-1.1399999999999997,REB
De'Anthony Melton,GS,LAL,RA,5.5,5.74,0.549,Under,0.597,50.0,C Tier,2026-02-28,2026-02-28,5,WIN,1,-0.7400000000000002,RA
Keyonte George,UTAH,NOP,AST,5.0,4.49,0.549,Under,0.389,50.0,C Tier,2026-02-28,2026-02-28,4,WIN,1,-0.4900000000000002,AST
Kyle Filipowski,UTAH,NOP,REB,7.5,7.96,0.548,Under,0.824,60.0,C Tier,2026-02-28,2026-02-28,6,WIN,1,-1.96,REB
Pelle Larsson,MIA,HOU,RA,7.5,8.24,0.547,Over,0.193,100.0,C Tier,2026-02-28,2026-02-28,8,WIN,1,-0.2400000000000002,RA
Davion Mitchell,MIA,HOU,PTS,8.0,7.68,0.547,Under,0.43,60.0,C Tier,2026-02-28,2026-02-28,10,LOSS,0,2.3200000000000003,PTS
De'Anthony Melton,GS,LAL,REB,2.5,2.64,0.546,Under,0.597,30.0,C Tier,2026-02-28,2026-02-28,1,WIN,1,-1.6400000000000001,REB
Brandon Miller,CHA,POR,RA,7.5,8.22,0.545,Over,0.283,50.0,C Tier,2026-02-28,2026-02-28,10,WIN,1,1.7799999999999994,RA
Coby White,CHA,POR,PA,15.5,17.08,0.545,Over,0.262,40.0,C Tier,2026-02-28,2026-02-28,21,WIN,1,3.9200000000000017,PA
Immanuel Quickley,TOR,WAS,RA,10.0,9.51,0.543,Under,0.404,60.0,C Tier,2026-02-28,2026-02-28,13,LOSS,0,3.49,RA
Cody Williams,UTAH,NOP,AST,1.5,1.63,0.543,Under,0.589,50.0,C Tier,2026-02-28,2026-02-28,2,LOSS,0,0.3700000000000001,AST
Pelle Larsson,MIA,HOU,REB,3.5,4.04,0.543,Over,0.378,90.0,C Tier,2026-02-28,2026-02-28,4,WIN,1,-0.040000000000000036,REB
Kyshawn George,WSH,TOR,PR,14.5,14.58,0.542,Under,0.328,70.0,C Tier,2026-02-28,2026-02-28,17,LOSS,0,2.42,PR
Jrue Holiday,POR,CHA,REB,3.5,3.66,0.541,Under,0.444,50.0,C Tier,2026-02-28,2026-02-28,5,LOSS,0,1.3399999999999999,REB
Saddiq Bey,NO,UTA,RA,8.5,9.34,0.541,Over,0.392,50.0,C Tier,2026-02-28,2026-02-28,11,WIN,1,1.6600000000000001,RA
Jrue Holiday,POR,CHA,AST,5.5,5.5,0.54,Under,0.306,30.0,C Tier,2026-02-28,2026-02-28,4,WIN,1,-1.5,AST
Toumani Camara,POR,CHA,PR,18.5,18.71,0.539,Under,0.325,40.0,Pass,2026-02-28,2026-02-28,18,WIN,1,-0.7100000000000009,PR
Davion Mitchell,MIA,HOU,PR,10.5,10.63,0.538,Under,0.32,50.0,Pass,2026-02-28,2026-02-28,13,LOSS,0,2.369999999999999,PR
Bub Carrington,WSH,TOR,PR,13.5,13.62,0.538,Under,0.239,70.0,Pass,2026-02-28,2026-02-28,15,LOSS,0,1.3800000000000008,PR
Josh Green,CHA,POR,RA,2.5,2.77,0.537,Under,0.637,60.0,Pass,2026-02-28,2026-02-28,3,LOSS,0,0.22999999999999998,RA
Miles Bridges,CHA,POR,PTS,14.5,14.92,0.537,Under,0.411,80.0,Pass,2026-02-28,2026-02-28,14,WIN,1,-0.9199999999999999,PTS
Bub Carrington,WSH,TOR,AST,3.5,3.98,0.537,Over,0.351,40.0,Pass,2026-02-28,2026-02-28,5,WIN,1,1.02,AST
Derik Queen,NO,UTA,REB,7.0,6.53,0.537,Under,0.274,60.0,Pass,2026-02-28,2026-02-28,9,LOSS,0,2.4699999999999998,REB
Brandon Miller,CHA,POR,PRA,30.5,33.31,0.537,Over,0.29,40.0,Pass,2026-02-28,2026-02-28,36,WIN,1,2.6899999999999977,PRA
Brandon Miller,CHA,POR,PTS,22.5,24.57,0.535,Over,0.304,50.0,Pass,2026-02-28,2026-02-28,26,WIN,1,1.4299999999999997,PTS
Bam Adebayo,MIA,HOU,PA,21.5,23.4,0.535,Over,0.238,50.0,Pass,2026-02-28,2026-02-28,25,WIN,1,1.6000000000000014,PA
Tristan Vukcevic,WSH,TOR,PTS,11.5,12.47,0.534,Over,0.3,80.0,Pass,2026-02-28,2026-02-28,13,WIN,1,0.5299999999999994,PTS
Isaiah Collier,UTAH,NOP,PA,23.5,23.98,0.532,Under,0.258,0.0,Pass,2026-02-28,2026-02-28,28,LOSS,0,4.02,PA
Tyler Herro,MIA,HOU,RA,7.5,8.21,0.532,Over,0.398,40.0,Pass,2026-02-28,2026-02-28,5,LOSS,0,-3.210000000000001,RA
Jerami Grant,POR,CHA,PTS,20.5,20.94,0.532,Under,0.344,30.0,Pass,2026-02-28,2026-02-28,21,LOSS,0,0.05999999999999872,PTS
Tyler Herro,MIA,HOU,REB,3.5,3.77,0.531,Under,0.823,60.0,Pass,2026-02-28,2026-02-28,2,WIN,1,-1.77,REB
Sion James,CHA,POR,REB,2.5,2.77,0.531,Under,0.656,50.0,Pass,2026-02-28,2026-02-28,0,WIN,1,-2.77,REB
Reed Sheppard,HOU,MIA,PA,18.5,18.88,0.53,Under,0.319,20.0,Pass,2026-02-28,2026-02-28,19,LOSS,0,0.120000000000001,PA
Tristan Vukcevic,WSH,TOR,REB,4.5,4.64,0.528,Under,0.754,50.0,Pass,2026-02-28,2026-02-28,3,WIN,1,-1.6399999999999997,REB
Jerami Grant,POR,CHA,PA,22.5,23.06,0.527,Under,0.34,40.0,Pass,2026-02-28,2026-02-28,23,LOSS,0,-0.05999999999999872,PA
Brandon Ingram,TOR,WAS,REB,5.5,5.9,0.527,Under,0.681,50.0,Pass,2026-02-28,2026-02-28,5,WIN,1,-0.9000000000000004,REB
Tristan Vukcevic,WSH,TOR,PR,16.5,16.9,0.525,Under,0.3,30.0,Pass,2026-02-28,2026-02-28,16,WIN,1,-0.8999999999999986,PR
Bam Adebayo,MIA,HOU,PTS,18.5,19.98,0.525,Over,0.264,50.0,Pass,2026-02-28,2026-02-28,24,WIN,1,4.02,PTS
Isaiah Collier,UTAH,NOP,PTS,14.5,15.63,0.525,Over,0.289,100.0,Pass,2026-02-28,2026-02-28,21,WIN,1,5.369999999999999,PTS
Kyle Filipowski,UTAH,NOP,RA,8.5,9.48,0.525,Under,0.59,40.0,Pass,2026-02-28,2026-02-28,7,WIN,1,-2.4800000000000004,RA
Draymond Green,GS,LAL,AST,4.5,4.95,0.524,Over,0.391,50.0,Pass,2026-02-28,2026-02-28,6,WIN,1,1.0499999999999998,AST
Brandon Miller,CHA,POR,PR,27.5,29.67,0.524,Over,0.325,50.0,Pass,2026-02-28,2026-02-28,34,WIN,1,4.329999999999998,PR
Reed Sheppard,HOU,MIA,PRA,21.5,22.11,0.524,Under,0.296,20.0,Pass,2026-02-28,2026-02-28,23,LOSS,0,0.8900000000000006,PRA
Jerami Grant,POR,CHA,PRA,26.5,28.57,0.523,Over,0.328,60.0,Pass,2026-02-28,2026-02-28,24,LOSS,0,-4.57,PRA
Gui Santos,GS,LAL,AST,2.5,2.79,0.523,Under,0.667,10.0,Pass,2026-02-28,2026-02-28,2,WIN,1,-0.79,AST
Tristan Vukcevic,WSH,TOR,PRA,18.5,19.03,0.522,Under,0.292,30.0,Pass,2026-02-28,2026-02-28,19,LOSS,0,-0.030000000000001137,PRA
Jamal Shead,TOR,WAS,PTS,7.5,8.15,0.522,Under,0.659,70.0,Pass,2026-02-28,2026-02-28,7,WIN,1,-1.1500000000000004,PTS
Jrue Holiday,POR,CHA,PA,24.5,26.34,0.521,Over,0.276,80.0,Pass,2026-02-28,2026-02-28,29,WIN,1,2.66,PA
Gui Santos,GS,LAL,RA,9.0,8.74,0.521,Under,0.363,10.0,Pass,2026-02-28,2026-02-28,6,WIN,1,-2.74,RA
Gui Santos,GS,LAL,PA,16.5,17.02,0.518,Under,0.209,0.0,Pass,2026-02-28,2026-02-28,16,WIN,1,-1.0199999999999996,PA
Jerami Grant,POR,CHA,PR,24.5,25.38,0.517,Under,0.322,30.0,Pass,2026-02-28,2026-02-28,22,WIN,1,-3.379999999999999,PR
Jaxson Hayes,LAL,GSW,REB,2.5,2.99,0.517,Under,0.583,80.0,Pass,2026-02-28,2026-02-28,5,LOSS,0,2.01,REB
Scoot Henderson,POR,CHA,REB,2.5,2.77,0.516,Under,0.637,50.0,Pass,2026-02-28,2026-02-28,3,LOSS,0,0.22999999999999998,REB
Luke Kennard,LAL,GSW,PR,14.5,15.45,0.516,Over,0.296,50.0,Pass,2026-02-28,2026-02-28,19,WIN,1,3.5500000000000007,PR
Coby White,CHA,POR,PTS,11.5,12.79,0.515,Over,0.309,50.0,Pass,2026-02-28,2026-02-28,20,WIN,1,7.210000000000001,PTS
Donovan Clingan,POR,CHA,RA,15.5,16.06,0.515,Under,0.338,30.0,Pass,2026-02-28,2026-02-28,10,WIN,1,-6.059999999999999,RA
Ace Bailey,UTAH,NOP,RA,7.5,7.95,0.515,Over,0.266,80.0,Pass,2026-02-28,2026-02-28,10,WIN,1,2.05,RA
Saddiq Bey,NO,UTA,REB,5.5,5.69,0.514,Under,0.434,50.0,Pass,2026-02-28,2026-02-28,5,WIN,1,-0.6900000000000004,REB
Miles Bridges,CHA,POR,PR,20.5,21.31,0.514,Under,0.325,90.0,Pass,2026-02-28,2026-02-28,22,LOSS,0,0.6900000000000013,PR
Pat Spencer,GS,LAL,RA,6.5,6.93,0.513,Over,0.267,100.0,Pass,2026-02-28,2026-02-28,7,WIN,1,0.07000000000000028,RA
Isaiah Collier,UTAH,NOP,PR,17.5,18.63,0.512,Over,0.312,90.0,Pass,2026-02-28,2026-02-28,24,WIN,1,5.370000000000001,PR
Jerami Grant,POR,CHA,AST,1.5,1.74,0.512,Under,0.483,80.0,Pass,2026-02-28,2026-02-28,2,LOSS,0,0.26,AST
Bub Carrington,WSH,TOR,PA,13.5,13.99,0.512,Under,0.275,50.0,Pass,2026-02-28,2026-02-28,17,LOSS,0,3.01,PA
Ace Bailey,UTAH,NOP,AST,1.5,1.74,0.511,Under,0.624,40.0,Pass,2026-02-28,2026-02-28,2,LOSS,0,0.26,AST
Jrue Holiday,POR,CHA,PRA,28.5,29.76,0.51,Under,0.296,20.0,Pass,2026-02-28,2026-02-28,34,LOSS,0,4.239999999999998,PRA
Kevin Durant,HOU,MIA,RA,9.5,10.52,0.51,Under,0.558,60.0,Pass,2026-02-28,2026-02-28,13,LOSS,0,2.4800000000000004,RA
Bub Carrington,WSH,TOR,PTS,9.5,10.1,0.509,Under,0.439,50.0,Pass,2026-02-28,2026-02-28,12,LOSS,0,1.9000000000000004,PTS
Kyshawn George,WSH,TOR,PA,13.5,14.03,0.509,Under,0.342,60.0,Pass,2026-02-28,2026-02-28,15,LOSS,0,0.9700000000000006,PA
Coby White,CHA,POR,PR,14.5,16.02,0.508,Over,0.328,40.0,Pass,2026-02-28,2026-02-28,23,WIN,1,6.98,PR
Gui Santos,GS,LAL,PTS,13.5,14.08,0.508,Under,0.197,0.0,Pass,2026-02-28,2026-02-28,14,LOSS,0,-0.08000000000000007,PTS
Isaiah Collier,UTAH,NOP,PRA,26.5,27.73,0.507,Under,0.287,10.0,Pass,2026-02-28,2026-02-28,31,LOSS,0,3.2699999999999996,PRA
Tristan Vukcevic,WSH,TOR,PA,13.5,14.05,0.507,Under,0.31,20.0,Pass,2026-02-28,2026-02-28,16,LOSS,0,1.9499999999999993,PA
Bam Adebayo,MIA,HOU,REB,9.5,9.93,0.507,Over,0.305,40.0,Pass,2026-02-28,2026-02-28,11,WIN,1,1.0700000000000003,REB
RJ Barrett,TOR,WAS,PR,23.5,24.59,0.507,Under,0.278,70.0,Pass,2026-02-28,2026-02-28,26,LOSS,0,1.4100000000000001,PR
Brice Sensabaugh,UTAH,NOP,RA,4.5,4.79,0.506,Under,0.283,40.0,Pass,2026-02-28,2026-02-28,5,LOSS,0,0.20999999999999996,RA
Amen Thompson,HOU,MIA,PTS,15.5,16.41,0.506,Over,0.371,40.0,Pass,2026-02-28,2026-02-28,20,WIN,1,3.59,PTS
Miles Bridges,CHA,POR,PRA,22.5,23.85,0.506,Under,0.343,80.0,Pass,2026-02-28,2026-02-28,27,LOSS,0,3.1499999999999986,PRA
Tyler Herro,MIA,HOU,PTS,19.5,20.57,0.506,Under,0.197,80.0,Pass,2026-02-28,2026-02-28,18,WIN,1,-2.5700000000000003,PTS
Amen Thompson,HOU,MIA,PRA,28.5,29.9,0.505,Under,0.291,60.0,Pass,2026-02-28,2026-02-28,35,LOSS,0,5.100000000000001,PRA
Bam Adebayo,MIA,HOU,PRA,31.5,33.39,0.505,Over,0.243,50.0,Pass,2026-02-28,2026-02-28,36,WIN,1,2.6099999999999994,PRA
Miles Bridges,CHA,POR,PA,16.5,17.84,0.505,Under,0.415,70.0,Pass,2026-02-28,2026-02-28,19,LOSS,0,1.1600000000000001,PA
Gui Santos,GS,LAL,REB,4.5,5.02,0.505,Under,0.589,30.0,Pass,2026-02-28,2026-02-28,4,WIN,1,-1.0199999999999996,REB
Bam Adebayo,MIA,HOU,PR,28.5,29.93,0.504,Under,0.256,40.0,Pass,2026-02-28,2026-02-28,35,LOSS,0,5.07,PR
RJ Barrett,TOR,WAS,RA,9.5,9.86,0.504,Under,0.223,70.0,Pass,2026-02-28,2026-02-28,8,WIN,1,-1.8599999999999994,RA
Herbert Jones,NO,UTA,AST,3.5,3.75,0.503,Under,0.637,30.0,Pass,2026-02-28,2026-02-28,7,LOSS,0,3.25,AST
Scottie Barnes,TOR,WAS,AST,4.5,4.79,0.503,Under,0.524,60.0,Pass,2026-02-28,2026-02-28,4,WIN,1,-0.79,AST
Kevin Durant,HOU,MIA,REB,6.0,5.92,0.503,Under,0.582,50.0,Pass,2026-02-28,2026-02-28,5,WIN,1,-0.9199999999999999,REB
Bam Adebayo,MIA,HOU,RA,12.5,13.11,0.502,Over,0.255,40.0,Pass,2026-02-28,2026-02-28,12,LOSS,0,-1.1099999999999994,RA
Austin Reaves,LAL,GSW,REB,4.0,3.79,0.502,Under,0.5,60.0,Pass,2026-02-28,2026-02-28,1,WIN,1,-2.79,REB
Reed Sheppard,HOU,MIA,PTS,14.5,15.4,0.501,Under,0.366,20.0,Pass,2026-02-28,2026-02-28,14,WIN,1,-1.4000000000000004,PTS
Donovan Clingan,POR,CHA,AST,2.0,2.32,0.433,Under,0.656,20.0,Pass,2026-02-28,2026-02-28,2,PUSH,0,-0.31999999999999984,AST
Bam Adebayo,MIA,HOU,AST,3.0,3.17,0.418,Under,0.567,60.0,Pass,2026-02-28,2026-02-28,1,WIN,1,-2.17,AST
Josh Okogie,HOU,MIA,PA,4.5,3.15,0.801,Under,2.225,60.0,Pass / Too Volatile,2026-02-28,2026-02-28,0,WIN,1,-3.15,PA
Sion James,CHA,POR,PTS,9.5,6.49,0.798,Under,0.878,70.0,Pass / Too Volatile,2026-02-28,2026-02-28,3,WIN,1,-3.49,PTS
Josh Okogie,HOU,MIA,PTS,5.5,3.62,0.789,Under,2.688,70.0,Pass / Too Volatile,2026-02-28,2026-02-28,0,WIN,1,-3.62,PTS
Josh Okogie,HOU,MIA,PR,9.5,6.37,0.774,Under,2.534,60.0,Pass / Too Volatile,2026-02-28,2026-02-28,0,WIN,1,-6.37,PR
Josh Okogie,HOU,MIA,PRA,10.5,7.18,0.766,Under,2.222,60.0,Pass / Too Volatile,2026-02-28,2026-02-28,0,WIN,1,-7.18,PRA
Kris Murray,POR,CHA,PA,10.5,7.41,0.758,Under,0.574,10.0,Pass / Too Volatile,2026-02-28,2026-02-28,2,WIN,1,-5.41,PA
Kris Murray,POR,CHA,PR,13.5,9.9,0.758,Under,0.521,10.0,Pass / Too Volatile,2026-02-28,2026-02-28,6,WIN,1,-3.9000000000000004,PR
Deandre Ayton,LAL,GSW,AST,1.5,0.97,0.756,Under,2.394,70.0,Pass / Too Volatile,2026-02-28,2026-02-28,0,WIN,1,-0.97,AST
Will Richard,GS,LAL,AST,3.5,2.44,0.749,Under,1.838,50.0,Pass / Too Volatile,2026-02-28,2026-02-28,0,WIN,1,-2.44,AST
Josh Okogie,HOU,MIA,REB,2.5,1.87,0.733,Under,2.357,60.0,Pass / Too Volatile,2026-02-28,2026-02-28,0,WIN,1,-1.87,REB
Grant Williams,CHA,POR,PR,10.5,8.01,0.732,Under,0.571,40.0,Pass / Too Volatile,2026-02-28,2026-02-28,3,WIN,1,-5.01,PR
Deandre Ayton,LAL,GSW,PA,10.5,8.19,0.732,Under,0.886,80.0,Pass / Too Volatile,2026-02-28,2026-02-28,4,WIN,1,-4.1899999999999995,PA
Josh Okogie,HOU,MIA,RA,4.5,3.29,0.731,Under,1.694,60.0,Pass / Too Volatile,2026-02-28,2026-02-28,0,WIN,1,-3.29,RA
Tyler Herro,MIA,HOU,AST,2.5,4.04,0.728,Over,0.532,30.0,Pass / Too Volatile,2026-02-28,2026-02-28,3,WIN,1,-1.04,AST
Keyonte George,UTAH,NOP,RA,10.5,8.37,0.723,Under,0.495,70.0,Pass / Too Volatile,2026-02-28,2026-02-28,6,WIN,1,-2.369999999999999,RA
Luke Kennard,LAL,GSW,AST,3.5,2.6,0.721,Under,1.567,80.0,Pass / Too Volatile,2026-02-28,2026-02-28,3,WIN,1,0.3999999999999999,AST
Bryce McGowens,NO,UTA,PTS,9.5,12.93,0.721,Over,0.46,70.0,Pass / Too Volatile,2026-02-28,2026-02-28,18,WIN,1,5.07,PTS
Deandre Ayton,LAL,GSW,PTS,11.0,8.27,0.721,Under,0.975,80.0,Pass / Too Volatile,2026-02-28,2026-02-28,4,WIN,1,-4.27,PTS
Grant Williams,CHA,POR,PRA,11.5,9.09,0.716,Under,0.506,50.0,Pass / Too Volatile,2026-02-28,2026-02-28,4,WIN,1,-5.09,PRA
Deandre Ayton,LAL,GSW,PR,19.5,15.39,0.712,Under,0.66,80.0,Pass / Too Volatile,2026-02-28,2026-02-28,14,WIN,1,-1.3900000000000006,PR
Kel'el Ware,MIA,HOU,PTS,7.5,11.49,0.706,Over,0.431,60.0,Pass / Too Volatile,2026-02-28,2026-02-28,13,WIN,1,1.5099999999999998,PTS
Will Richard,GS,LAL,PA,14.5,11.63,0.706,Under,2.263,50.0,Pass / Too Volatile,2026-02-28,2026-02-28,4,WIN,1,-7.630000000000001,PA
John Konchar,UTAH,NOP,PRA,13.5,10.84,0.706,Under,0.483,30.0,Pass / Too Volatile,2026-02-28,2026-02-28,5,WIN,1,-5.84,PRA
Bryce McGowens,NO,UTA,PA,10.5,14.12,0.701,Over,0.441,60.0,Pass / Too Volatile,2026-02-28,2026-02-28,20,WIN,1,5.880000000000001,PA
Pat Spencer,GS,LAL,PA,13.5,10.92,0.699,Under,0.457,10.0,Pass / Too Volatile,2026-02-28,2026-02-28,8,WIN,1,-2.92,PA
Jake LaRavia,LAL,GSW,PRA,9.5,14.19,0.699,Over,0.43,50.0,Pass / Too Volatile,2026-02-28,2026-02-28,23,WIN,1,8.81,PRA
John Konchar,UTAH,NOP,PR,10.5,8.5,0.698,Under,0.506,30.0,Pass / Too Volatile,2026-02-28,2026-02-28,5,WIN,1,-3.5,PR
Deandre Ayton,LAL,GSW,PRA,18.5,15.15,0.697,Under,0.652,80.0,Pass / Too Volatile,2026-02-28,2026-02-28,14,WIN,1,-1.1500000000000004,PRA
Pat Spencer,GS,LAL,PR,11.5,9.47,0.696,Under,0.552,20.0,Pass / Too Volatile,2026-02-28,2026-02-28,7,WIN,1,-2.4700000000000006,PR
Will Richard,GS,LAL,PR,14.5,11.91,0.695,Under,1.459,50.0,Pass / Too Volatile,2026-02-28,2026-02-28,5,WIN,1,-6.91,PR
Cody Williams,UTAH,NOP,PA,10.5,8.54,0.695,Under,0.739,30.0,Pass / Too Volatile,2026-02-28,2026-02-28,6,WIN,1,-2.539999999999999,PA
Will Richard,GS,LAL,PRA,9.5,8.96,0.69,Under,1.587,50.0,Pass / Too Volatile,2026-02-28,2026-02-28,5,WIN,1,-3.960000000000001,PRA
Draymond Green,GS,LAL,PTS,14.5,12.08,0.689,Under,0.741,50.0,Pass / Too Volatile,2026-02-28,2026-02-28,7,WIN,1,-5.08,PTS
Kris Murray,POR,CHA,AST,1.5,1.19,0.686,Under,1.179,50.0,Pass / Too Volatile,2026-02-28,2026-02-28,0,WIN,1,-1.19,AST
Jaxson Hayes,LAL,GSW,AST,1.5,1.24,0.683,Under,1.398,30.0,Pass / Too Volatile,2026-02-28,2026-02-28,0,WIN,1,-1.24,AST
Cody Williams,UTAH,NOP,PR,11.5,9.61,0.682,Under,0.66,30.0,Pass / Too Volatile,2026-02-28,2026-02-28,6,WIN,1,-3.6099999999999994,PR
Sandro Mamukelashvili,TOR,WAS,PR,14.5,12.17,0.681,Under,0.474,40.0,Pass / Too Volatile,2026-02-28,2026-02-28,10,WIN,1,-2.17,PR
Sandro Mamukelashvili,TOR,WAS,PTS,10.5,8.84,0.681,Under,0.611,50.0,Pass / Too Volatile,2026-02-28,2026-02-28,7,WIN,1,-1.8399999999999999,PTS
Derik Queen,NO,UTA,PA,16.5,14.09,0.68,Under,0.464,70.0,Pass / Too Volatile,2026-02-28,2026-02-28,10,WIN,1,-4.09,PA
Keyonte George,UTAH,NOP,PTS,20.5,17.4,0.677,Under,0.482,40.0,Pass / Too Volatile,2026-02-28,2026-02-28,17,WIN,1,-0.3999999999999986,PTS
Derik Queen,NO,UTA,PTS,12.5,10.68,0.675,Under,0.506,70.0,Pass / Too Volatile,2026-02-28,2026-02-28,7,WIN,1,-3.6799999999999997,PTS
Grant Williams,CHA,POR,AST,1.5,1.44,0.674,Under,1.298,40.0,Pass / Too Volatile,2026-02-28,2026-02-28,1,WIN,1,-0.43999999999999995,AST
Sion James,CHA,POR,AST,1.5,1.56,0.672,Under,0.908,40.0,Pass / Too Volatile,2026-02-28,2026-02-28,0,WIN,1,-1.56,AST
Cody Williams,UTAH,NOP,PRA,13.5,11.58,0.67,Under,0.663,30.0,Pass / Too Volatile,2026-02-28,2026-02-28,8,WIN,1,-3.58,PRA
Will Richard,GS,LAL,PTS,5.5,5.9,0.668,Under,2.126,50.0,Pass / Too Volatile,2026-02-28,2026-02-28,4,WIN,1,-1.9000000000000004,PTS
Jake LaRavia,LAL,GSW,PR,9.5,13.3,0.667,Over,0.441,60.0,Pass / Too Volatile,2026-02-28,2026-02-28,20,WIN,1,6.699999999999999,PR
Brandin Podziemski,GS,LAL,PRA,31.5,27.75,0.661,Under,0.451,20.0,Pass / Too Volatile,2026-02-28,2026-02-28,22,WIN,1,-5.75,PRA
Jake LaRavia,LAL,GSW,PTS,5.5,8.84,0.655,Over,0.492,60.0,Pass / Too Volatile,2026-02-28,2026-02-28,15,WIN,1,6.16,PTS
Jeremiah Fears,NO,UTA,AST,3.5,4.69,0.653,Over,0.459,70.0,Pass / Too Volatile,2026-02-28,2026-02-28,5,WIN,1,0.3099999999999996,AST
Reed Sheppard,HOU,MIA,AST,2.5,3.55,0.651,Over,0.412,70.0,Pass / Too Volatile,2026-02-28,2026-02-28,5,WIN,1,1.4500000000000002,AST
Jake LaRavia,LAL,GSW,RA,3.5,4.74,0.643,Over,0.401,0.0,Pass / Too Volatile,2026-02-28,2026-02-28,8,WIN,1,3.26,RA
Isaiah Collier,UTAH,NOP,RA,11.5,10.42,0.641,Under,0.564,30.0,Pass / Too Volatile,2026-02-28,2026-02-28,10,WIN,1,-0.41999999999999993,RA
DeAndre Jordan,NO,UTA,PR,11.5,10.33,0.639,Under,0.463,40.0,Pass / Too Volatile,2026-02-28,2026-02-28,10,WIN,1,-0.33000000000000007,PR
Al Horford,GS,LAL,PA,12.5,11.5,0.638,Under,0.594,30.0,Pass / Too Volatile,2026-02-28,2026-02-28,10,WIN,1,-1.5,PA
Herbert Jones,NO,UTA,PA,13.5,16.31,0.636,Over,0.41,40.0,Pass / Too Volatile,2026-02-28,2026-02-28,24,WIN,1,7.690000000000001,PA
Tari Eason,HOU,MIA,PTS,13.5,12.3,0.633,Under,0.646,80.0,Pass / Too Volatile,2026-02-28,2026-02-28,10,WIN,1,-2.3000000000000007,PTS
Andrew Wiggins,MIA,HOU,AST,1.5,2.31,0.633,Over,0.755,30.0,Pass / Too Volatile,2026-02-28,2026-02-28,4,WIN,1,1.69,AST
Tre Johnson,WSH,TOR,REB,1.5,1.67,0.632,Under,1.059,50.0,Pass / Too Volatile,2026-02-28,2026-02-28,3,LOSS,0,1.33,REB
Scottie Barnes,TOR,WAS,PTS,17.5,16.0,0.629,Under,0.495,80.0,Pass / Too Volatile,2026-02-28,2026-02-28,18,LOSS,0,2.0,PTS
Scottie Barnes,TOR,WAS,PRA,32.5,29.84,0.629,Under,0.461,80.0,Pass / Too Volatile,2026-02-28,2026-02-28,26,WIN,1,-3.84,PRA
Scottie Barnes,TOR,WAS,RA,11.5,10.54,0.625,Under,0.581,70.0,Pass / Too Volatile,2026-02-28,2026-02-28,8,WIN,1,-2.539999999999999,RA
Pelle Larsson,MIA,HOU,PA,14.5,18.21,0.625,Over,0.422,90.0,Pass / Too Volatile,2026-02-28,2026-02-28,24,WIN,1,5.789999999999999,PA
Brandin Podziemski,GS,LAL,PR,21.5,19.82,0.625,Under,0.456,20.0,Pass / Too Volatile,2026-02-28,2026-02-28,16,WIN,1,-3.8200000000000003,PR
Bryce McGowens,NO,UTA,RA,3.5,4.64,0.625,Over,0.55,70.0,Pass / Too Volatile,2026-02-28,2026-02-28,6,WIN,1,1.3600000000000003,RA
Austin Reaves,LAL,GSW,AST,2.5,2.48,0.622,Under,0.983,70.0,Pass / Too Volatile,2026-02-28,2026-02-28,3,LOSS,0,0.52,AST
Jake LaRavia,LAL,GSW,REB,2.5,3.42,0.622,Over,0.554,40.0,Pass / Too Volatile,2026-02-28,2026-02-28,5,WIN,1,1.58,REB
Brandon Ingram,TOR,WAS,AST,3.5,4.69,0.622,Over,0.565,40.0,Pass / Too Volatile,2026-02-28,2026-02-28,5,WIN,1,0.3099999999999996,AST
Scottie Barnes,TOR,WAS,PR,26.5,24.59,0.62,Under,0.528,80.0,Pass / Too Volatile,2026-02-28,2026-02-28,22,WIN,1,-2.59,PR
Tari Eason,HOU,MIA,REB,6.5,8.3,0.62,Over,0.581,50.0,Pass / Too Volatile,2026-02-28,2026-02-28,11,WIN,1,2.6999999999999993,REB
Tre Johnson,WSH,TOR,PTS,12.5,11.59,0.62,Under,0.543,50.0,Pass / Too Volatile,2026-02-28,2026-02-28,8,WIN,1,-3.59,PTS
Josh Green,CHA,POR,AST,0.5,0.58,0.619,Under,1.647,80.0,Pass / Too Volatile,2026-02-28,2026-02-28,0,WIN,1,-0.58,AST
Alperen Sengun,HOU,MIA,PR,29.5,27.44,0.618,Under,0.504,70.0,Pass / Too Volatile,2026-02-28,2026-02-28,19,WIN,1,-8.440000000000001,PR
Cody Williams,UTAH,NOP,REB,2.5,2.6,0.617,Under,1.07,50.0,Pass / Too Volatile,2026-02-28,2026-02-28,2,WIN,1,-0.6000000000000001,REB
Bryce McGowens,NO,UTA,REB,2.5,3.39,0.616,Over,1.595,40.0,Pass / Too Volatile,2026-02-28,2026-02-28,4,WIN,1,0.6099999999999999,REB
Tari Eason,HOU,MIA,RA,7.5,10.06,0.61,Over,0.688,50.0,Pass / Too Volatile,2026-02-28,2026-02-28,16,WIN,1,5.9399999999999995,RA
LeBron James,LAL,GSW,RA,11.5,10.94,0.608,Under,0.585,70.0,Pass / Too Volatile,2026-02-28,2026-02-28,16,LOSS,0,5.0600000000000005,RA
Alperen Sengun,HOU,MIA,PTS,19.5,18.38,0.608,Under,0.506,80.0,Pass / Too Volatile,2026-02-28,2026-02-28,13,WIN,1,-5.379999999999999,PTS
Immanuel Quickley,TOR,WAS,PA,23.5,27.45,0.608,Over,0.38,30.0,Pass / Too Volatile,2026-02-28,2026-02-28,38,WIN,1,10.55,PA
Tre Johnson,WSH,TOR,PA,14.5,13.8,0.605,Under,0.533,50.0,Pass / Too Volatile,2026-02-28,2026-02-28,8,WIN,1,-5.800000000000001,PA
Jakob Poeltl,TOR,WAS,PTS,9.5,12.0,0.604,Over,0.608,10.0,Pass / Too Volatile,2026-02-28,2026-02-28,18,WIN,1,6.0,PTS
Draymond Green,GS,LAL,PRA,18.5,17.86,0.601,Under,0.502,70.0,Pass / Too Volatile,2026-02-28,2026-02-28,19,LOSS,0,1.1400000000000006,PRA
Toumani Camara,POR,CHA,PTS,13.5,12.9,0.6,Under,0.523,50.0,Pass / Too Volatile,2026-02-28,2026-02-28,12,WIN,1,-0.9000000000000004,PTS
Scottie Barnes,TOR,WAS,PA,23.5,22.39,0.598,Under,0.46,80.0,Pass / Too Volatile,2026-02-28,2026-02-28,22,WIN,1,-0.39000000000000057,PA
Draymond Green,GS,LAL,PA,13.5,13.17,0.596,Under,0.515,50.0,Pass / Too Volatile,2026-02-28,2026-02-28,13,WIN,1,-0.16999999999999993,PA
Alperen Sengun,HOU,MIA,PRA,35.5,34.01,0.595,Under,0.492,60.0,Pass / Too Volatile,2026-02-28,2026-02-28,22,WIN,1,-12.009999999999998,PRA
Alperen Sengun,HOU,MIA,PA,25.5,24.47,0.595,Under,0.49,60.0,Pass / Too Volatile,2026-02-28,2026-02-28,16,WIN,1,-8.469999999999999,PA
Brandin Podziemski,GS,LAL,AST,3.5,4.49,0.595,Over,0.546,60.0,Pass / Too Volatile,2026-02-28,2026-02-28,6,WIN,1,1.5099999999999998,AST
Herbert Jones,NO,UTA,PR,13.5,15.93,0.592,Over,0.497,20.0,Pass / Too Volatile,2026-02-28,2026-02-28,25,WIN,1,9.07,PR
LeBron James,LAL,GSW,PRA,30.5,29.89,0.585,Under,0.5,80.0,Pass / Too Volatile,2026-02-28,2026-02-28,38,LOSS,0,8.11,PRA
Moses Moody,GS,LAL,AST,1.5,2.11,0.585,Over,0.54,70.0,Pass / Too Volatile,2026-02-28,2026-02-28,3,WIN,1,0.8900000000000001,AST
Tari Eason,HOU,MIA,PA,15.5,15.1,0.583,Under,0.512,60.0,Pass / Too Volatile,2026-02-28,2026-02-28,15,WIN,1,-0.09999999999999964,PA
Miles Bridges,CHA,POR,AST,2.5,2.6,0.581,Under,0.885,70.0,Pass / Too Volatile,2026-02-28,2026-02-28,5,LOSS,0,2.4,AST
Jeremiah Fears,NO,UTA,PTS,15.5,17.64,0.581,Over,0.436,20.0,Pass / Too Volatile,2026-02-28,2026-02-28,18,WIN,1,0.35999999999999943,PTS
Isaiah Collier,UTAH,NOP,REB,1.5,1.79,0.581,Under,0.973,60.0,Pass / Too Volatile,2026-02-28,2026-02-28,3,LOSS,0,1.21,REB
Bilal Coulibaly,WSH,TOR,AST,1.5,2.08,0.579,Over,0.501,30.0,Pass / Too Volatile,2026-02-28,2026-02-28,4,WIN,1,1.92,AST
Pelle Larsson,MIA,HOU,PTS,10.5,13.42,0.578,Over,0.499,90.0,Pass / Too Volatile,2026-02-28,2026-02-28,20,WIN,1,6.58,PTS
Herbert Jones,NO,UTA,PTS,10.5,12.19,0.577,Over,0.549,20.0,Pass / Too Volatile,2026-02-28,2026-02-28,17,WIN,1,4.8100000000000005,PTS
Jeremiah Fears,NO,UTA,REB,2.5,4.14,0.577,Over,1.01,50.0,Pass / Too Volatile,2026-02-28,2026-02-28,11,WIN,1,6.86,REB
Bilal Coulibaly,WSH,TOR,PRA,15.5,17.46,0.574,Over,0.258,30.0,Pass / Too Volatile,2026-02-28,2026-02-28,23,WIN,1,5.539999999999999,PRA
Amen Thompson,HOU,MIA,REB,6.5,7.36,0.573,Over,0.396,30.0,Pass / Too Volatile,2026-02-28,2026-02-28,11,WIN,1,3.6399999999999997,REB
Bilal Coulibaly,WSH,TOR,PR,13.5,15.17,0.573,Over,0.265,10.0,Pass / Too Volatile,2026-02-28,2026-02-28,19,WIN,1,3.83,PR
Pat Spencer,GS,LAL,AST,3.5,4.17,0.57,Over,0.434,100.0,Pass / Too Volatile,2026-02-28,2026-02-28,4,WIN,1,-0.16999999999999993,AST
LeBron James,LAL,GSW,PA,25.5,25.54,0.568,Under,0.48,80.0,Pass / Too Volatile,2026-02-28,2026-02-28,31,LOSS,0,5.460000000000001,PA
Jeremiah Fears,NO,UTA,PR,19.5,22.22,0.568,Over,0.526,30.0,Pass / Too Volatile,2026-02-28,2026-02-28,29,WIN,1,6.780000000000001,PR
Jeremiah Fears,NO,UTA,PRA,23.5,26.47,0.566,Over,0.438,30.0,Pass / Too Volatile,2026-02-28,2026-02-28,34,WIN,1,7.530000000000001,PRA
Andrew Wiggins,MIA,HOU,RA,6.5,7.7,0.564,Over,0.433,40.0,Pass / Too Volatile,2026-02-28,2026-02-28,10,WIN,1,2.3,RA
Herbert Jones,NO,UTA,PRA,17.5,19.68,0.564,Over,0.429,30.0,Pass / Too Volatile,2026-02-28,2026-02-28,32,WIN,1,12.32,PRA
Reed Sheppard,HOU,MIA,REB,2.5,3.1,0.562,Over,0.417,60.0,Pass / Too Volatile,2026-02-28,2026-02-28,4,WIN,1,0.8999999999999999,REB
Jake LaRavia,LAL,GSW,AST,0.5,0.94,0.56,Over,0.843,0.0,Pass / Too Volatile,2026-02-28,2026-02-28,3,WIN,1,2.06,AST
Herbert Jones,NO,UTA,REB,2.5,3.33,0.556,Over,0.575,50.0,Pass / Too Volatile,2026-02-28,2026-02-28,8,WIN,1,4.67,REB
Brandon Ingram,TOR,WAS,PTS,22.5,23.16,0.555,Under,0.646,60.0,Pass / Too Volatile,2026-02-28,2026-02-28,24,LOSS,0,0.8399999999999999,PTS
Andrew Wiggins,MIA,HOU,REB,4.5,5.37,0.555,Over,0.466,60.0,Pass / Too Volatile,2026-02-28,2026-02-28,6,WIN,1,0.6299999999999999,REB
Draymond Green,GS,LAL,REB,4.5,5.38,0.549,Over,0.53,40.0,Pass / Too Volatile,2026-02-28,2026-02-28,6,WIN,1,0.6200000000000001,REB
Saddiq Bey,NO,UTA,AST,2.5,3.17,0.548,Over,0.605,60.0,Pass / Too Volatile,2026-02-28,2026-02-28,6,WIN,1,2.83,AST
Draymond Green,GS,LAL,PR,13.5,14.45,0.548,Under,0.635,60.0,Pass / Too Volatile,2026-02-28,2026-02-28,13,WIN,1,-1.4499999999999993,PR
Bryce McGowens,NO,UTA,AST,0.5,1.2,0.545,Over,0.996,40.0,Pass / Too Volatile,2026-02-28,2026-02-28,2,WIN,1,0.8,AST
Josh Green,CHA,POR,REB,1.5,1.83,0.545,Under,0.876,70.0,Pass / Too Volatile,2026-02-28,2026-02-28,3,LOSS,0,1.17,REB
Jake LaRavia,LAL,GSW,PA,14.5,14.68,0.543,Under,0.493,40.0,Pass / Too Volatile,2026-02-28,2026-02-28,18,LOSS,0,3.3200000000000003,PA
Kevin Durant,HOU,MIA,PTS,26.5,27.83,0.543,Under,0.647,60.0,Pass / Too Volatile,2026-02-28,2026-02-28,32,LOSS,0,4.170000000000002,PTS
LeBron James,LAL,GSW,PR,24.5,25.24,0.542,Under,0.479,90.0,Pass / Too Volatile,2026-02-28,2026-02-28,29,LOSS,0,3.7600000000000016,PR
Immanuel Quickley,TOR,WAS,PRA,28.5,31.25,0.541,Over,0.323,30.0,Pass / Too Volatile,2026-02-28,2026-02-28,40,WIN,1,8.75,PRA
RJ Barrett,TOR,WAS,PTS,16.5,18.02,0.537,Over,0.299,30.0,Pass / Too Volatile,2026-02-28,2026-02-28,21,WIN,1,2.9800000000000004,PTS
Luke Kennard,LAL,GSW,REB,1.5,2.17,0.537,Over,0.741,40.0,Pass / Too Volatile,2026-02-28,2026-02-28,3,WIN,1,0.8300000000000001,REB
Jordan Poole,NO,UTA,PRA,16.5,16.93,0.535,Under,0.459,90.0,Pass / Too Volatile,2026-02-28,2026-02-28,15,WIN,1,-1.9299999999999997,PRA
Kevin Durant,HOU,MIA,PR,33.5,35.33,0.534,Under,0.6,60.0,Pass / Too Volatile,2026-02-28,2026-02-28,37,LOSS,0,1.6700000000000017,PR
Brandon Ingram,TOR,WAS,PR,28.5,30.05,0.532,Under,0.602,60.0,Pass / Too Volatile,2026-02-28,2026-02-28,29,LOSS,0,-1.0500000000000007,PR
RJ Barrett,TOR,WAS,PRA,27.5,29.87,0.531,Over,0.249,30.0,Pass / Too Volatile,2026-02-28,2026-02-28,29,WIN,1,-0.870000000000001,PRA
Saddiq Bey,NO,UTA,PRA,28.5,31.57,0.531,Over,0.431,70.0,Pass / Too Volatile,2026-02-28,2026-02-28,35,WIN,1,3.4299999999999997,PRA
Jakob Poeltl,TOR,WAS,REB,5.5,6.28,0.531,Over,0.454,10.0,Pass / Too Volatile,2026-02-28,2026-02-28,10,WIN,1,3.7199999999999998,REB
Jordan Poole,NO,UTA,AST,1.5,1.89,0.531,Over,0.471,10.0,Pass / Too Volatile,2026-02-28,2026-02-28,1,LOSS,0,-0.8899999999999999,AST
Brandon Ingram,TOR,WAS,RA,10.5,11.06,0.531,Under,0.595,50.0,Pass / Too Volatile,2026-02-28,2026-02-28,10,WIN,1,-1.0600000000000005,RA
Brandin Podziemski,GS,LAL,RA,12.5,13.17,0.53,Under,0.543,30.0,Pass / Too Volatile,2026-02-28,2026-02-28,13,LOSS,0,-0.16999999999999993,RA
Tari Eason,HOU,MIA,PR,20.5,21.16,0.529,Under,0.556,60.0,Pass / Too Volatile,2026-02-28,2026-02-28,21,LOSS,0,-0.16000000000000014,PR
Tyler Herro,MIA,HOU,PR,23.5,25.58,0.529,Over,0.18,10.0,Pass / Too Volatile,2026-02-28,2026-02-28,20,LOSS,0,-5.579999999999998,PR
Miles Bridges,CHA,POR,RA,8.5,9.33,0.529,Over,0.404,20.0,Pass / Too Volatile,2026-02-28,2026-02-28,13,WIN,1,3.67,RA
Bilal Coulibaly,WSH,TOR,RA,4.5,5.16,0.528,Over,0.438,30.0,Pass / Too Volatile,2026-02-28,2026-02-28,9,WIN,1,3.84,RA
De'Anthony Melton,GS,LAL,AST,1.5,2.24,0.528,Over,0.843,40.0,Pass / Too Volatile,2026-02-28,2026-02-28,4,WIN,1,1.7599999999999998,AST
Tyler Herro,MIA,HOU,PA,22.5,24.44,0.527,Over,0.168,10.0,Pass / Too Volatile,2026-02-28,2026-02-28,21,LOSS,0,-3.4400000000000013,PA
Bilal Coulibaly,WSH,TOR,REB,3.5,3.94,0.526,Over,0.459,30.0,Pass / Too Volatile,2026-02-28,2026-02-28,5,WIN,1,1.06,REB
Ryan Kalkbrenner,CHA,POR,REB,3.5,4.54,0.526,Over,0.741,30.0,Pass / Too Volatile,2026-02-28,2026-02-28,7,WIN,1,2.46,REB
LaMelo Ball,CHA,POR,RA,11.5,12.32,0.526,Over,0.233,30.0,Pass / Too Volatile,2026-02-28,2026-02-28,12,WIN,1,-0.3200000000000003,RA
Miles Bridges,CHA,POR,REB,5.5,5.97,0.525,Over,0.281,20.0,Pass / Too Volatile,2026-02-28,2026-02-28,8,WIN,1,2.0300000000000002,REB
Kyle Filipowski,UTAH,NOP,AST,2.5,2.89,0.524,Over,0.818,40.0,Pass / Too Volatile,2026-02-28,2026-02-28,1,LOSS,0,-1.8900000000000001,AST
Herbert Jones,NO,UTA,RA,7.0,8.2,0.524,Over,0.467,50.0,Pass / Too Volatile,2026-02-28,2026-02-28,15,WIN,1,6.800000000000001,RA
Jordan Poole,NO,UTA,PR,13.5,14.99,0.523,Over,0.47,10.0,Pass / Too Volatile,2026-02-28,2026-02-28,14,WIN,1,-0.9900000000000002,PR
Toumani Camara,POR,CHA,AST,1.5,1.86,0.523,Over,0.615,40.0,Pass / Too Volatile,2026-02-28,2026-02-28,2,WIN,1,0.1399999999999999,AST
RJ Barrett,TOR,WAS,PA,21.5,23.13,0.522,Over,0.265,30.0,Pass / Too Volatile,2026-02-28,2026-02-28,24,WIN,1,0.870000000000001,PA
Saddiq Bey,NO,UTA,PTS,20.5,22.99,0.522,Over,0.46,70.0,Pass / Too Volatile,2026-02-28,2026-02-28,24,WIN,1,1.0100000000000016,PTS
Kevin Durant,HOU,MIA,PRA,37.5,40.09,0.521,Under,0.513,70.0,Pass / Too Volatile,2026-02-28,2026-02-28,45,LOSS,0,4.909999999999997,PRA
Saddiq Bey,NO,UTA,PR,25.5,27.9,0.521,Over,0.422,70.0,Pass / Too Volatile,2026-02-28,2026-02-28,29,WIN,1,1.1000000000000014,PR
Brandon Miller,CHA,POR,AST,2.5,2.87,0.52,Over,0.545,50.0,Pass / Too Volatile,2026-02-28,2026-02-28,2,LOSS,0,-0.8700000000000001,AST
Kevin Durant,HOU,MIA,PA,30.5,32.92,0.52,Under,0.538,60.0,Pass / Too Volatile,2026-02-28,2026-02-28,40,LOSS,0,7.079999999999998,PA
LaMelo Ball,CHA,POR,AST,6.5,6.91,0.52,Over,0.235,20.0,Pass / Too Volatile,2026-02-28,2026-02-28,8,WIN,1,1.0899999999999999,AST
DeAndre Jordan,NO,UTA,REB,5.5,6.11,0.519,Over,0.688,40.0,Pass / Too Volatile,2026-02-28,2026-02-28,7,WIN,1,0.8899999999999997,REB
Saddiq Bey,NO,UTA,PA,23.5,26.17,0.518,Over,0.477,60.0,Pass / Too Volatile,2026-02-28,2026-02-28,30,WIN,1,3.8299999999999983,PA
Moses Moody,GS,LAL,RA,4.5,5.18,0.518,Over,0.465,70.0,Pass / Too Volatile,2026-02-28,2026-02-28,6,WIN,1,0.8200000000000003,RA
Jordan Poole,NO,UTA,REB,1.5,1.87,0.517,Over,0.439,50.0,Pass / Too Volatile,2026-02-28,2026-02-28,3,WIN,1,1.13,REB
Amen Thompson,HOU,MIA,PR,23.5,25.16,0.517,Over,0.314,30.0,Pass / Too Volatile,2026-02-28,2026-02-28,31,WIN,1,5.84,PR
Jordan Poole,NO,UTA,PTS,12.5,13.38,0.513,Under,0.532,90.0,Pass / Too Volatile,2026-02-28,2026-02-28,11,WIN,1,-2.380000000000001,PTS
Jordan Poole,NO,UTA,PA,14.5,15.84,0.513,Over,0.529,10.0,Pass / Too Volatile,2026-02-28,2026-02-28,12,LOSS,0,-3.84,PA
Bub Carrington,WSH,TOR,RA,7.5,8.27,0.51,Over,0.547,30.0,Pass / Too Volatile,2026-02-28,2026-02-28,8,WIN,1,-0.2699999999999996,RA
Davion Mitchell,MIA,HOU,REB,1.5,1.97,0.51,Over,0.823,30.0,Pass / Too Volatile,2026-02-28,2026-02-28,3,WIN,1,1.03,REB
Brandon Ingram,TOR,WAS,PA,25.5,28.09,0.509,Under,0.598,60.0,Pass / Too Volatile,2026-02-28,2026-02-28,29,LOSS,0,0.9100000000000001,PA
Tari Eason,HOU,MIA,AST,3.5,3.72,0.509,Under,0.851,60.0,Pass / Too Volatile,2026-02-28,2026-02-28,5,LOSS,0,1.2799999999999998,AST
Bub Carrington,WSH,TOR,PRA,17.5,18.55,0.509,Over,0.193,30.0,Pass / Too Volatile,2026-02-28,2026-02-28,20,WIN,1,1.4499999999999993,PRA
Amen Thompson,HOU,MIA,PA,20.5,21.75,0.508,Over,0.271,30.0,Pass / Too Volatile,2026-02-28,2026-02-28,24,WIN,1,2.25,PA
LeBron James,LAL,GSW,REB,4.5,4.99,0.508,Over,0.529,20.0,Pass / Too Volatile,2026-02-28,2026-02-28,7,WIN,1,2.01,REB
Bub Carrington,WSH,TOR,REB,3.5,4.02,0.508,Under,0.89,60.0,Pass / Too Volatile,2026-02-28,2026-02-28,3,WIN,1,-1.0199999999999996,REB
Brandon Ingram,TOR,WAS,PRA,32.0,34.49,0.507,Under,0.552,60.0,Pass / Too Volatile,2026-02-28,2026-02-28,34,LOSS,0,-0.490000000000002,PRA
LeBron James,LAL,GSW,PTS,19.5,20.91,0.506,Under,0.484,90.0,Pass / Too Volatile,2026-02-28,2026-02-28,22,LOSS,0,1.0899999999999999,PTS
Tyler Herro,MIA,HOU,PRA,27.5,29.28,0.506,Over,0.161,10.0,Pass / Too Volatile,2026-02-28,2026-02-28,23,LOSS,0,-6.280000000000001,PRA
Tari Eason,HOU,MIA,PRA,22.5,23.82,0.505,Under,0.531,70.0,Pass / Too Volatile,2026-02-28,2026-02-28,26,LOSS,0,2.1799999999999997,PRA
Toumani Camara,POR,CHA,RA,7.5,8.0,0.505,Over,0.402,60.0,Pass / Too Volatile,2026-02-28,2026-02-28,8,WIN,1,0.0,RA
Alperen Sengun,HOU,MIA,RA,15.5,16.33,0.505,Under,0.522,60.0,Pass / Too Volatile,2026-02-28,2026-02-28,9,WIN,1,-7.329999999999998,RA
LaMelo Ball,CHA,POR,REB,3.5,3.88,0.504,Over,0.541,40.0,Pass / Too Volatile,2026-02-28,2026-02-28,4,WIN,1,0.1200000000000001,REB
Tristan Vukcevic,WSH,TOR,RA,6.5,6.86,0.504,Over,0.41,70.0,Pass / Too Volatile,2026-02-28,2026-02-28,6,LOSS,0,-0.8600000000000003,RA
Draymond Green,GS,LAL,RA,10.0,11.25,0.503,Over,0.45,30.0,Pass / Too Volatile,2026-02-28,2026-02-28,12,WIN,1,0.75,RA
Brandin Podziemski,GS,LAL,REB,5.5,6.61,0.503,Over,0.695,60.0,Pass / Too Volatile,2026-02-28,2026-02-28,7,WIN,1,0.3899999999999997,REB
Jeremiah Fears,NO,UTA,RA,8.0,9.4,0.486,Over,0.68,40.0,Pass / Too Volatile,2026-02-28,2026-02-28,16,WIN,1,6.6,RA
Alperen Sengun,HOU,MIA,AST,6.0,6.66,0.475,Over,0.53,60.0,Pass / Too Volatile,2026-02-28,2026-02-28,3,LOSS,0,-3.66,AST
Kevin Durant,HOU,MIA,AST,4.0,5.01,0.463,Over,1.044,30.0,Pass / Too Volatile,2026-02-28,2026-02-28,8,WIN,1,2.99,AST
Toumani Camara,POR,CHA,REB,5.0,5.59,0.452,Over,0.529,50.0,Pass / Too Volatile,2026-02-28,2026-02-28,6,WIN,1,0.41000000000000014,REB
Brandon Miller,CHA,POR,REB,5.0,5.33,0.432,Over,0.518,50.0,Pass / Too Volatile,2026-02-28,2026-02-28,8,WIN,1,2.67,REB
